{
  "positive_cases": 24,
  "negative_cases": 24,
  "total_cases": 48,
  "tp": 17,
  "tn": 24,
  "fp": 0,
  "fn": 7,
  "precision": 1.0,
  "recall": 0.7083333333333334,
  "accuracy": 0.8541666666666666,
  "f1": 0.8292682926829268
}